ImageId,Label,Area,Mean,StdDev,Mode,Min,Max,XM,YM,Circ.,IntDen,Median,RawIntDen,AR,Round,Solidity
slide1-C1-1__phase_analysis,signal:0005-0030,55.0,265.952092199,287.032,1078.0,1078.0,2295.0,707.135,30.499,0.778,14627.3850709,303.316092199,14627.3850709,2.217,0.451,0.859
slide1-C1-1__phase_analysis,signal:0008-0046,86.0,197.130092199,308.272,1805.0,1094.0,2226.0,636.352,46.985,0.647,16953.1839291,215.316092199,16953.1839291,2.839,0.352,0.843
slide1-C1-1__phase_analysis,signal:0009-0047,113.0,198.015092199,317.13,1205.0,1115.0,2227.0,669.725,45.697,0.51,22375.7184184,244.316092199,22375.7184184,3.086,0.324,0.713
slide1-C1-1__phase_analysis,signal:0010-0050,89.0,130.260092199,272.622,1259.0,1155.0,2171.0,736.92,49.792,0.592,11593.1322057,128.316092199,11593.1322057,2.953,0.339,0.817
slide1-C1-1__phase_analysis,signal:0011-0057,128.0,241.878092199,322.569,1546.0,1155.0,2463.0,557.595,55.501,0.374,30960.4598014,235.316092199,30960.4598014,3.519,0.284,0.595
slide1-C1-1__phase_analysis,signal:0013-0068,211.0,286.809092199,347.44,1356.0,1136.0,2541.0,542.129,66.972,0.259,60516.6954539,254.316092199,60516.6954539,1.385,0.722,0.518
slide1-C1-1__phase_analysis,signal:0014-0067,147.0,247.044092199,274.114,2004.0,1198.0,2304.0,767.497,69.511,0.343,36315.4655532,270.316092199,36315.4655532,2.973,0.336,0.563
slide1-C1-1__phase_analysis,signal:0015-0070,133.0,288.677092199,304.958,1284.0,1166.0,2233.0,795.899,70.507,0.427,38394.0402624,352.316092199,38394.0402624,3.352,0.298,0.686
slide1-C1-1__phase_analysis,signal:0017-0071,90.0,55.1490921986,214.048,1757.0,1171.0,1897.0,713.603,70.869,0.615,4963.44829787,12.3160921986,4963.44829787,3.125,0.32,0.845
slide1-C1-1__phase_analysis,signal:0022-0092,132.0,142.536092199,212.043,1275.0,1233.0,2071.0,355.973,93.237,0.462,18814.7241702,159.316092199,18814.7241702,4.465,0.224,0.786
slide1-C1-1__phase_analysis,signal:0029-0107,79.0,328.784092199,300.839,1364.0,1233.0,2356.0,559.877,107.689,0.708,25973.9712837,355.316092199,25973.9712837,2.514,0.398,0.863
slide1-C1-1__phase_analysis,signal:0030-0111,111.0,125.595092199,199.888,1321.0,1180.0,2005.0,602.697,113.099,0.484,13941.086234,166.316092199,13941.086234,2.682,0.373,0.679
slide1-C1-1__phase_analysis,signal:0035-0129,62.0,171.671092199,272.247,1163.0,1163.0,2199.0,611.988,129.375,0.771,10643.5977163,124.316092199,10643.5977163,2.306,0.434,0.892
slide1-C1-1__phase_analysis,signal:0038-0144,118.0,108.613092199,276.638,1437.0,1137.0,2162.0,564.685,142.546,0.474,12816.2988794,100.316092199,12816.2988794,3.191,0.313,0.684
slide1-C1-1__phase_analysis,signal:0041-0165,155.0,276.639092199,367.578,1413.0,1155.0,2628.0,596.063,165.029,0.429,42878.9942908,235.316092199,42878.9942908,2.938,0.34,0.67
slide1-C1-1__phase_analysis,signal:0042-0175,144.0,60.6980921986,190.076,1753.0,1148.0,1970.0,780.794,172.995,0.365,8740.5172766,67.3160921986,8740.5172766,3.515,0.285,0.61
slide1-C1-1__phase_analysis,signal:0044-0170,61.0,195.152092199,246.982,1692.0,1065.0,2106.0,640.583,169.975,0.731,11904.2816241,225.316092199,11904.2816241,2.163,0.462,0.859
slide1-C1-1__phase_analysis,signal:0047-0187,203.0,266.336092199,249.834,1810.0,1141.0,2309.0,691.88,188.025,0.624,54066.1667163,288.316092199,54066.1667163,2.06,0.486,0.806
slide1-C1-1__phase_analysis,signal:0048-0194,123.0,330.885092199,307.085,1752.0,1273.0,2420.0,710.149,195.625,0.417,40698.8793404,307.316092199,40698.8793404,3.569,0.28,0.703
slide1-C1-1__phase_analysis,signal:0049-0201,172.0,90.1760921986,204.748,1640.0,1146.0,1979.0,424.705,202.922,0.347,15510.3678582,99.3160921986,15510.3678582,2.652,0.377,0.558
slide1-C1-1__phase_analysis,signal:0054-0227,92.0,52.6310921986,180.229,1297.0,1124.0,1927.0,596.273,227.377,0.566,4842.08048227,58.3160921986,4842.08048227,3.138,0.319,0.79
slide1-C1-1__phase_analysis,signal:0055-0230,141.0,131.770092199,225.686,1292.0,1114.0,2124.0,860.54,228.433,0.407,18579.569,168.316092199,18579.569,2.085,0.48,0.59
slide1-C1-1__phase_analysis,signal:0057-0243,202.0,74.1630921986,185.118,1548.0,1183.0,1996.0,461.006,245.373,0.365,14980.8506241,75.3160921986,14980.8506241,2.905,0.344,0.58
slide1-C1-1__phase_analysis,signal:0061-0254,240.0,289.399092199,216.843,1694.0,1174.0,2213.0,421.157,253.636,0.216,69455.8621277,305.316092199,69455.8621277,1.598,0.626,0.628
slide1-C1-1__phase_analysis,signal:0064-0256,129.0,52.2070921986,211.494,1444.0,1044.0,2000.0,611.877,254.043,0.401,6734.77589362,35.3160921986,6734.77589362,3.523,0.284,0.622
slide1-C1-1__phase_analysis,signal:0068-0268,74.0,406.019092199,338.527,1901.0,1201.0,2468.0,647.861,268.7,0.612,30045.3908227,434.316092199,30045.3908227,2.862,0.349,0.841
slide1-C1-1__phase_analysis,signal:0070-0281,117.0,162.837092199,217.446,1546.0,1191.0,2152.0,808.844,282.937,0.505,19051.9827872,178.316092199,19051.9827872,3.205,0.312,0.736
slide1-C1-1__phase_analysis,signal:0071-0283,125.0,204.372092199,246.205,1411.0,1159.0,2253.0,440.192,284.328,0.506,25546.5115248,210.316092199,25546.5115248,2.934,0.341,0.718
slide1-C1-1__phase_analysis,signal:0074-0289,84.0,193.387092199,226.552,1551.0,1192.0,2069.0,730.104,289.351,0.607,16244.5517447,213.316092199,16244.5517447,3.012,0.332,0.828
slide1-C1-1__phase_analysis,signal:0075-0300,126.0,188.999092199,301.558,1304.0,1148.0,2433.0,639.687,299.784,0.405,23813.827617,142.316092199,23813.827617,3.447,0.29,0.655
slide1-C1-1__phase_analysis,signal:0077-0311,166.0,202.617092199,255.072,2005.0,1091.0,2170.0,667.305,308.411,0.289,33634.471305,210.316092199,33634.471305,3.148,0.318,0.485
slide1-C1-1__phase_analysis,signal:0081-0313,61.0,106.398092199,243.061,1307.0,1122.0,2115.0,803.145,313.149,0.716,6490.28162411,100.316092199,6490.28162411,2.456,0.407,0.904
slide1-C1-1__phase_analysis,signal:0086-0329,56.0,417.512092199,357.1,1304.0,1304.0,2432.0,646.284,328.705,0.711,23380.7011631,476.316092199,23380.7011631,2.491,0.401,0.83
slide1-C1-1__phase_analysis,signal:0088-0343,138.0,220.722092199,285.062,1529.0,1160.0,2352.0,425.028,344.765,0.396,30459.6207234,178.316092199,30459.6207234,2.747,0.364,0.63
slide1-C1-1__phase_analysis,signal:0091-0348,92.0,147.577092199,189.034,1540.0,1238.0,2011.0,946.233,347.156,0.577,13577.0804823,154.316092199,13577.0804823,3.234,0.309,0.825
slide1-C1-1__phase_analysis,signal:0093-0371,79.0,297.683092199,261.131,1903.0,1137.0,2223.0,774.873,371.686,0.532,23516.9712837,349.316092199,23516.9712837,3.196,0.313,0.775
slide1-C1-1__phase_analysis,signal:0096-0391,154.0,137.063092199,237.466,1925.0,1141.0,2159.0,393.049,388.872,0.363,21107.6781986,97.3160921986,21107.6781986,3.889,0.257,0.587
slide1-C1-1__phase_analysis,signal:0098-0394,105.0,342.992092199,346.151,1346.0,1247.0,2496.0,702.911,394.116,0.507,36014.1896809,347.316092199,36014.1896809,3.048,0.328,0.755
slide1-C1-1__phase_analysis,signal:0101-0405,105.0,115.640092199,243.803,1342.0,1149.0,2176.0,575.427,405.313,0.422,12142.1896809,79.3160921986,12142.1896809,3.55,0.282,0.654
slide1-C1-1__phase_analysis,signal:0102-0403,72.0,337.719092199,398.254,1255.0,1189.0,2670.0,724.279,404.542,0.558,24315.7586383,314.316092199,24315.7586383,3.227,0.31,0.774
slide1-C1-1__phase_analysis,signal:0103-0401,63.0,303.570092199,244.757,1688.0,1219.0,2215.0,832.765,401.528,0.679,19124.9138085,295.316092199,19124.9138085,2.883,0.347,0.926
slide1-C1-1__phase_analysis,signal:0105-0414,126.0,193.483092199,224.935,1511.0,1179.0,2161.0,592.672,415.383,0.384,24378.827617,208.316092199,24378.827617,3.675,0.272,0.618
slide1-C1-1__phase_analysis,signal:0111-0430,107.0,263.914092199,221.51,1451.0,1212.0,2172.0,872.64,429.09,0.466,28238.8218652,299.316092199,28238.8218652,3.484,0.287,0.721
slide1-C1-1__phase_analysis,signal:0112-0438,178.0,248.091092199,224.968,1777.0,1170.0,2313.0,772.783,438.197,0.206,44160.2644113,240.316092199,44160.2644113,1.84,0.544,0.47
slide1-C1-1__phase_analysis,signal:0114-0447,123.0,253.536092199,326.14,1411.0,1218.0,2576.0,633.842,445.971,0.397,31184.8793404,229.316092199,31184.8793404,4.241,0.236,0.636
slide1-C1-1__phase_analysis,signal:0115-0463,116.0,150.557092199,246.814,1598.0,1168.0,2085.0,572.054,463.003,0.438,17464.666695,122.316092199,17464.666695,3.083,0.324,0.701
slide1-C1-1__phase_analysis,signal:0119-0465,106.0,394.231092199,329.171,1552.0,1277.0,2550.0,541.92,465.067,0.417,41788.505773,427.316092199,41788.505773,4.065,0.246,0.695
slide1-C1-1__phase_analysis,signal:0121-0470,72.0,293.649092199,317.146,1349.0,1271.0,2395.0,648.375,470.257,0.74,21142.7586383,314.316092199,21142.7586383,2.382,0.42,0.873
slide1-C1-1__phase_analysis,signal:0125-0486,55.0,26.1160921986,219.607,1267.0,1164.0,2118.0,561.207,485.293,0.699,1436.38507092,-16.6839078014,1436.38507092,2.791,0.358,0.853
slide1-C1-1__phase_analysis,signal:0127-0492,63.0,160.237092199,304.437,1282.0,1090.0,2335.0,669.236,492.316,0.844,10094.9138085,92.3160921986,10094.9138085,1.967,0.508,0.881
slide1-C1-1__phase_analysis,signal:0130-0512,140.0,178.495092199,233.587,1703.0,1205.0,2235.0,448.901,512.827,0.442,24989.2529078,186.316092199,24989.2529078,3.916,0.255,0.705
slide1-C1-1__phase_analysis,signal:0131-0509,85.0,318.269092199,252.779,1368.0,1234.0,2282.0,721.013,509.112,0.611,27052.8678369,364.316092199,27052.8678369,2.958,0.338,0.833
slide1-C1-1__phase_analysis,signal:0133-0516,109.0,185.325092199,185.673,1479.0,1183.0,2032.0,763.42,517.594,0.438,20200.4540496,228.316092199,20200.4540496,2.991,0.334,0.657
slide1-C1-1__phase_analysis,signal:0136-0527,94.0,180.710092199,188.418,1551.0,1197.0,2116.0,477.016,525.844,0.474,16986.7126667,213.316092199,16986.7126667,3.338,0.3,0.696
slide1-C1-1__phase_analysis,signal:0137-0528,73.0,49.9050921986,214.885,1176.0,1176.0,2091.0,514.274,528.178,0.662,3643.0747305,-4.68390780142,3643.0747305,2.649,0.378,0.854
slide1-C1-1__phase_analysis,signal:0141-0550,84.0,29.5420921986,225.13,1191.0,1147.0,2163.0,601.601,550.709,0.6,2481.55174468,-20.6839078014,2481.55174468,3.223,0.31,0.832
slide1-C1-1__phase_analysis,signal:0145-0575,192.0,400.748092199,394.192,1830.0,1209.0,2758.0,868.865,573.72,0.316,76943.6897021,382.316092199,76943.6897021,4.012,0.249,0.61
slide1-C1-1__phase_analysis,signal:0146-0569,84.0,343.554092199,281.914,1357.0,1214.0,2338.0,692.064,569.792,0.643,28858.5517447,374.316092199,28858.5517447,2.884,0.347,0.824
slide1-C1-1__phase_analysis,signal:0148-0574,71.0,80.4150921986,252.978,1323.0,1146.0,2132.0,567.978,574.412,0.72,5709.4425461,14.3160921986,5709.4425461,2.542,0.393,0.871
slide1-C1-1__phase_analysis,signal:0150-0584,63.0,471.316092199,372.688,1885.0,1233.0,2654.0,749.192,583.148,0.683,29692.9138085,529.316092199,29692.9138085,2.638,0.379,0.846
slide1-C1-1__phase_analysis,signal:0153-0611,73.0,151.357092199,279.604,1326.0,1163.0,2105.0,870.412,611.976,0.684,11049.0747305,107.316092199,11049.0747305,2.58,0.388,0.849
slide1-C1-1__phase_analysis,signal:0154-0611,67.0,198.704092199,351.947,1250.0,1225.0,2452.0,634.435,611.746,0.692,13313.1781773,96.3160921986,13313.1781773,2.517,0.397,0.843
slide1-C1-1__phase_analysis,signal:0155-0617,164.0,195.779092199,233.37,1620.0,1206.0,2271.0,335.423,618.882,0.491,32107.8391206,177.316092199,32107.8391206,1.551,0.645,0.722
slide1-C1-1__phase_analysis,signal:0159-0640,183.0,349.764092199,292.956,1446.0,1108.0,2410.0,826.76,640.309,0.479,64006.8448723,380.316092199,64006.8448723,2.957,0.338,0.753
slide1-C1-1__phase_analysis,signal:0160-0640,111.0,131.235092199,212.775,1389.0,1155.0,2074.0,690.036,640.812,0.494,14567.086234,138.316092199,14567.086234,3.117,0.321,0.709
slide1-C1-1__phase_analysis,signal:0161-0636,102.0,157.257092199,240.559,1237.0,1162.0,2104.0,529.615,635.95,0.575,16040.2414043,169.316092199,16040.2414043,3.18,0.314,0.803
slide1-C1-1__phase_analysis,signal:0165-0650,63.0,220.014092199,226.451,1719.0,1260.0,2191.0,784.866,650.037,0.651,13860.9138085,252.316092199,13860.9138085,2.729,0.366,0.824
slide1-C1-1__phase_analysis,signal:0166-0657,104.0,294.806092199,251.922,1332.0,1258.0,2321.0,766.894,658.992,0.386,30659.8735887,306.316092199,30659.8735887,4.023,0.249,0.658
slide1-C1-1__phase_analysis,signal:0171-0675,72.0,215.274092199,306.395,1300.0,1099.0,2330.0,756.696,675.823,0.574,15499.7586383,152.316092199,15499.7586383,3.092,0.323,0.8
slide1-C1-1__phase_analysis,signal:0173-0675,65.0,156.270092199,288.216,1326.0,1190.0,2233.0,848.425,675.501,0.715,10157.5459929,172.316092199,10157.5459929,2.485,0.402,0.884
slide1-C1-1__phase_analysis,signal:0178-0691,85.0,124.751092199,288.349,1791.0,1208.0,2410.0,671.078,691.662,0.614,10603.8678369,76.3160921986,10603.8678369,2.883,0.347,0.813
slide1-C1-1__phase_analysis,signal:0180-0693,67.0,158.674092199,200.814,1613.0,1228.0,2012.0,468.84,693.139,0.727,10631.1781773,167.316092199,10631.1781773,2.41,0.415,0.859
slide1-C1-1__phase_analysis,signal:0189-0725,147.0,225.105092199,355.902,1245.0,1134.0,2612.0,644.22,726.329,0.392,33090.4655532,180.316092199,33090.4655532,4.296,0.233,0.685
slide1-C1-1__phase_analysis,signal:0190-0729,237.0,279.700092199,269.387,1437.0,1169.0,2485.0,854.652,727.719,0.25,66288.9138511,293.316092199,66288.9138511,1.619,0.618,0.457
slide1-C1-1__phase_analysis,signal:0194-0730,120.0,144.683092199,259.912,1347.0,1109.0,2148.0,736.986,728.494,0.492,17361.9310638,151.316092199,17361.9310638,3.524,0.284,0.734
slide1-C1-1__phase_analysis,signal:0195-0729,82.0,287.377092199,286.753,1552.0,1131.0,2275.0,559.19,730.106,0.654,23564.9195603,318.316092199,23564.9195603,2.69,0.372,0.832
slide1-C1-1__phase_analysis,signal:0196-0734,164.0,357.450092199,329.971,1158.0,1158.0,2626.0,673.353,733.944,0.754,58621.8391206,381.316092199,58621.8391206,1.944,0.514,0.886
slide1-C1-1__phase_analysis,signal:0197-0741,136.0,89.5290921986,211.024,1500.0,1121.0,2103.0,777.59,741.866,0.385,12175.988539,105.316092199,12175.988539,2.838,0.352,0.599
slide1-C1-1__phase_analysis,signal:0199-0770,160.0,128.247092199,239.63,1237.0,1139.0,2157.0,547.317,770.672,0.365,20519.5747518,126.316092199,20519.5747518,3.882,0.258,0.65
slide1-C1-1__phase_analysis,signal:0202-0774,118.0,430.774092199,352.988,1584.0,1111.0,2644.0,855.932,773.387,0.516,50831.2988794,488.316092199,50831.2988794,3.693,0.271,0.759
slide1-C1-1__phase_analysis,signal:0203-0774,83.0,183.750092199,351.47,1309.0,1119.0,2319.0,664.335,774.585,0.662,15251.2356525,130.316092199,15251.2356525,2.749,0.364,0.83
slide1-C1-1__phase_analysis,signal:0206-0790,113.0,134.794092199,293.808,1111.0,1111.0,2180.0,816.831,790.794,0.508,15231.7184184,106.316092199,15231.7184184,3.144,0.318,0.746
slide1-C1-1__phase_analysis,signal:0210-0805,90.0,87.5270921986,214.379,1327.0,1157.0,2022.0,524.182,804.068,0.536,7877.44829787,45.3160921986,7877.44829787,3.421,0.292,0.769
slide1-C1-1__phase_analysis,signal:0212-0807,89.0,120.563092199,298.4,1227.0,1096.0,2169.0,451.994,806.131,0.731,10730.1322057,88.3160921986,10730.1322057,2.348,0.426,0.873
slide1-C1-1__phase_analysis,signal:0213-0810,63.0,111.951092199,254.279,1269.0,1209.0,2140.0,515.639,809.081,0.66,7052.91380851,62.3160921986,7052.91380851,2.757,0.363,0.84
slide1-C1-1__phase_analysis,signal:0214-0825,143.0,206.910092199,278.57,1301.0,1203.0,2295.0,729.608,823.738,0.38,29588.2011844,186.316092199,29588.2011844,3.609,0.277,0.668
slide1-C1-1__phase_analysis,signal:0215-0824,97.0,317.605092199,286.829,2125.0,1252.0,2464.0,780.804,822.806,0.575,30807.6609433,357.316092199,30807.6609433,3.148,0.318,0.819
slide1-C1-1__phase_analysis,signal:0217-0827,72.0,350.441092199,289.011,1847.0,1301.0,2353.0,750.452,827.618,0.72,25231.7586383,380.316092199,25231.7586383,2.441,0.41,0.867
slide1-C1-1__phase_analysis,signal:0219-0833,67.0,244.062092199,285.886,1803.0,1192.0,2366.0,537.028,833.583,0.702,16352.1781773,289.316092199,16352.1781773,2.565,0.39,0.832
slide1-C1-1__phase_analysis,signal:0225-0857,136.0,193.845092199,265.507,1283.0,1172.0,2186.0,552.619,858.7,0.407,26362.988539,168.316092199,26362.988539,2.776,0.36,0.62
slide1-C1-1__phase_analysis,signal:0227-0877,170.0,70.3220921986,238.669,1433.0,1050.0,2278.0,643.608,880.471,0.334,11954.7356738,37.3160921986,11954.7356738,3.015,0.332,0.555
slide1-C1-1__phase_analysis,signal:0229-0884,73.0,262.946092199,327.138,1272.0,1207.0,2366.0,730.488,885.05,0.74,19195.0747305,243.316092199,19195.0747305,2.276,0.439,0.82
slide1-C1-1__phase_analysis,signal:0230-0887,97.0,224.615092199,275.051,1479.0,1153.0,2164.0,556.869,887.415,0.569,21787.6609433,235.316092199,21787.6609433,3.245,0.308,0.812
slide1-C1-1__phase_analysis,signal:0232-0896,98.0,36.7450921986,207.224,1383.0,1079.0,1920.0,696.791,896.778,0.547,3600.97703546,18.3160921986,3600.97703546,3.088,0.324,0.769
slide1-C1-1__phase_analysis,signal:0233-0906,165.0,126.049092199,261.265,1940.0,1132.0,2143.0,415.111,906.281,0.454,20798.1552128,94.3160921986,20798.1552128,2.976,0.336,0.707
slide1-C1-1__phase_analysis,signal:0235-0907,132.0,177.839092199,317.409,1338.0,1096.0,2380.0,730.047,905.959,0.395,23474.7241702,107.316092199,23474.7241702,3.446,0.29,0.641
slide1-C1-1__phase_analysis,signal:0236-0910,89.0,221.103092199,263.98,1923.0,1194.0,2205.0,716.204,911.23,0.577,19678.1322057,237.316092199,19678.1322057,3.081,0.325,0.84
slide1-C1-1__phase_analysis,signal:0239-0922,229.0,228.408092199,208.717,1969.0,1195.0,2182.0,827.855,921.979,0.391,52305.3851135,227.316092199,52305.3851135,2.354,0.425,0.679
slide1-C1-1__phase_analysis,signal:0244-0934,159.0,70.6370921986,238.713,1137.0,1102.0,2073.0,675.132,934.723,0.383,11231.2586596,69.3160921986,11231.2586596,4.24,0.236,0.677
slide1-C1-1__phase_analysis,signal:0251-0961,240.0,188.299092199,280.631,1845.0,1104.0,2295.0,487.903,960.094,0.618,45191.8621277,222.316092199,45191.8621277,2.385,0.419,0.804
slide1-C1-1__phase_analysis,signal:0253-0970,209.0,159.546092199,258.73,1257.0,1133.0,2150.0,766.627,969.428,0.287,33345.0632695,159.316092199,33345.0632695,3.547,0.282,0.572
slide1-C1-1__phase_analysis,signal:0255-0984,138.0,116.519092199,288.35,1420.0,1107.0,2425.0,694.03,986.033,0.35,16079.6207234,95.3160921986,16079.6207234,2.538,0.394,0.564
slide1-C1-1__phase_analysis,signal:0256-0985,102.0,68.5020921986,206.546,1386.0,1080.0,1983.0,390.286,985.921,0.671,6987.24140426,87.3160921986,6987.24140426,2.737,0.365,0.864
slide1-C1-2__phase_analysis,signal:0003-0021,93.0,159.155092199,220.021,1503.0,1144.0,2077.0,743.137,21.783,0.609,14801.3965745,188.316092199,14801.3965745,3.225,0.31,0.869
slide1-C1-2__phase_analysis,signal:0005-0029,126.0,44.3000921986,174.924,1317.0,1124.0,1867.0,785.755,30.42,0.476,5581.82761702,65.3160921986,5581.82761702,2.974,0.336,0.714
slide1-C1-2__phase_analysis,signal:0010-0050,75.0,75.6760921986,244.998,1464.0,1139.0,2078.0,961.662,49.491,0.75,5675.70691489,36.3160921986,5675.70691489,2.064,0.484,0.852
slide1-C1-2__phase_analysis,signal:0016-0088,198.0,248.356092199,322.029,1242.0,1074.0,2557.0,891.15,87.141,0.32,49174.5862553,225.316092199,49174.5862553,4.001,0.25,0.616
slide1-C1-2__phase_analysis,signal:0017-0083,94.0,120.625092199,206.343,1405.0,1115.0,1997.0,713.41,83.305,0.612,11338.7126667,145.316092199,11338.7126667,2.801,0.357,0.81
slide1-C1-2__phase_analysis,signal:0021-0097,76.0,219.448092199,303.42,1282.0,1179.0,2252.0,770.737,96.832,0.703,16678.0230071,230.316092199,16678.0230071,2.46,0.406,0.854
slide1-C1-2__phase_analysis,signal:0022-0108,144.0,246.580092199,323.778,1722.0,1142.0,2435.0,976.062,108.227,0.544,35507.5172766,254.316092199,35507.5172766,2.268,0.441,0.818
slide1-C1-2__phase_analysis,signal:0024-0125,72.0,43.3160921986,206.391,1263.0,1098.0,1890.0,892.38,125.824,0.674,3118.7586383,39.3160921986,3118.7586383,2.644,0.378,0.842
slide1-C1-2__phase_analysis,signal:0025-0125,73.0,100.960092199,301.893,1391.0,1197.0,2351.0,655.604,125.716,0.72,7370.0747305,-18.6839078014,7370.0747305,2.609,0.383,0.859
slide1-C1-2__phase_analysis,signal:0026-0131,178.0,76.3670921986,173.038,1538.0,1195.0,2015.0,356.168,133.128,0.505,13593.2644113,71.3160921986,13593.2644113,1.456,0.687,0.736
slide1-C1-2__phase_analysis,signal:0030-0154,193.0,289.979092199,284.798,1395.0,1106.0,2604.0,848.339,154.378,0.482,55966.0057943,313.316092199,55966.0057943,2.892,0.346,0.778
slide1-C1-2__phase_analysis,signal:0031-0153,119.0,50.5600921986,187.684,1309.0,1071.0,1930.0,711.164,154.966,0.503,6016.61497163,51.3160921986,6016.61497163,2.962,0.338,0.732
slide1-C1-2__phase_analysis,signal:0036-0164,73.0,131.658092199,222.353,1822.0,1193.0,1994.0,806.373,164.128,0.675,9611.0747305,161.316092199,9611.0747305,2.686,0.372,0.839
slide1-C1-2__phase_analysis,signal:0037-0171,120.0,132.666092199,197.11,1410.0,1213.0,2031.0,788.369,173.066,0.425,15919.9310638,165.316092199,15919.9310638,3.729,0.268,0.684
slide1-C1-2__phase_analysis,signal:0040-0189,82.0,77.3650921986,254.302,1300.0,1179.0,2126.0,778.173,190.319,0.586,6343.91956028,58.3160921986,6343.91956028,3.214,0.311,0.816
slide1-C1-2__phase_analysis,signal:0041-0189,68.0,85.3450921986,263.297,1233.0,1153.0,2127.0,869.885,189.697,0.713,5803.4942695,33.3160921986,5803.4942695,2.409,0.415,0.861
slide1-C1-2__phase_analysis,signal:0042-0187,92.0,223.566092199,208.882,1563.0,1226.0,2112.0,913.527,187.613,0.58,20568.0804823,255.316092199,20568.0804823,3.287,0.304,0.829
slide1-C1-2__phase_analysis,signal:0047-0206,89.0,79.1700921986,245.545,1217.0,1154.0,2097.0,692.391,206.594,0.636,7046.13220567,47.3160921986,7046.13220567,2.806,0.356,0.805
slide1-C1-2__phase_analysis,signal:0048-0207,71.0,44.9360921986,162.357,1598.0,1155.0,1833.0,489.811,208.122,0.759,3190.4425461,53.3160921986,3190.4425461,2.309,0.433,0.84
slide1-C1-2__phase_analysis,signal:0052-0211,55.0,192.407092199,236.206,1608.0,1243.0,2217.0,504.674,210.932,0.91,10582.3850709,155.316092199,10582.3850709,1.922,0.52,0.924
slide1-C1-2__phase_analysis,signal:0053-0219,77.0,133.433092199,192.137,1437.0,1130.0,1988.0,955.651,218.348,0.611,10274.3390993,159.316092199,10274.3390993,3.068,0.326,0.842
slide1-C1-2__phase_analysis,signal:0055-0230,88.0,235.123092199,261.334,1942.0,1106.0,2187.0,940.458,231.088,0.543,20690.8161135,224.316092199,20690.8161135,3.393,0.295,0.779
slide1-C1-2__phase_analysis,signal:0056-0239,142.0,148.809092199,279.353,1244.0,1160.0,2284.0,665.359,241.319,0.381,21130.8850922,134.316092199,21130.8850922,4.26,0.235,0.668
slide1-C1-2__phase_analysis,signal:0057-0244,235.0,208.031092199,243.275,1745.0,1172.0,2290.0,875.42,241.807,0.237,48887.2816667,221.316092199,48887.2816667,1.656,0.604,0.445
slide1-C1-2__phase_analysis,signal:0060-0244,117.0,87.0170921986,239.661,1320.0,1155.0,2107.0,757.945,243.042,0.48,10180.9827872,63.3160921986,10180.9827872,3.597,0.278,0.734
slide1-C1-2__phase_analysis,signal:0061-0244,84.0,90.3760921986,175.449,1351.0,1169.0,1892.0,580.17,245.098,0.67,7591.55174468,74.3160921986,7591.55174468,2.631,0.38,0.836
slide1-C1-2__phase_analysis,signal:0062-0248,165.0,249.977092199,259.555,1549.0,1185.0,2432.0,694.095,248.695,0.735,41246.1552128,283.316092199,41246.1552128,1.956,0.511,0.862
slide1-C1-2__phase_analysis,signal:0063-0255,137.0,49.7250921986,186.444,1359.0,1134.0,1956.0,798.14,256.252,0.397,6812.30463121,34.3160921986,6812.30463121,2.847,0.351,0.605
slide1-C1-2__phase_analysis,signal:0066-0279,114.0,112.053092199,216.852,1260.0,1197.0,2077.0,986.472,278.38,0.567,12774.0345106,131.316092199,12774.0345106,2.904,0.344,0.752
slide1-C1-2__phase_analysis,signal:0067-0285,162.0,60.3590921986,190.231,1693.0,1144.0,2034.0,568.312,285.562,0.37,9778.20693617,49.3160921986,9778.20693617,3.706,0.27,0.66
slide1-C1-2__phase_analysis,signal:0068-0289,117.0,358.983092199,362.175,1255.0,1195.0,2485.0,876.821,287.844,0.512,42000.9827872,374.316092199,42000.9827872,3.597,0.278,0.752
slide1-C1-2__phase_analysis,signal:0069-0288,83.0,85.6290921986,268.251,1285.0,1147.0,2198.0,684.712,289.119,0.654,7107.23565248,29.3160921986,7107.23565248,2.88,0.347,0.843
slide1-C1-2__phase_analysis,signal:0072-0305,109.0,129.802092199,265.82,1282.0,1156.0,2285.0,837.564,305.16,0.501,14148.4540496,121.316092199,14148.4540496,3.104,0.322,0.768
slide1-C1-2__phase_analysis,signal:0073-0302,57.0,22.2980921986,167.557,1331.0,1176.0,1765.0,533.684,302.109,0.82,1271.01725532,-11.6839078014,1271.01725532,2.118,0.472,0.912
slide1-C1-2__phase_analysis,signal:0075-0320,90.0,62.2600921986,160.709,1316.0,1236.0,1925.0,545.064,319.009,0.564,5603.44829787,28.3160921986,5603.44829787,3.354,0.298,0.773
slide1-C1-2__phase_analysis,signal:0077-0322,91.0,74.9200921986,224.131,1448.0,1182.0,2012.0,472.823,321.059,0.726,6817.76439007,42.3160921986,6817.76439007,2.418,0.414,0.867
slide1-C1-2__phase_analysis,signal:0078-0325,67.0,52.6150921986,213.842,1281.0,1142.0,1965.0,536.616,324.176,0.67,3525.1781773,21.3160921986,3525.1781773,2.607,0.384,0.843
slide1-C1-2__phase_analysis,signal:0079-0339,142.0,79.2390921986,202.87,1299.0,1149.0,2017.0,749.98,338.335,0.384,11251.8850922,83.3160921986,11251.8850922,3.738,0.268,0.653
slide1-C1-2__phase_analysis,signal:0080-0338,96.0,221.285092199,244.491,1826.0,1215.0,2141.0,801.25,337.097,0.563,21243.3448511,267.316092199,21243.3448511,3.324,0.301,0.784
slide1-C1-2__phase_analysis,signal:0082-0341,69.0,332.345092199,276.761,1558.0,1288.0,2364.0,771.225,341.975,0.748,22931.8103617,369.316092199,22931.8103617,2.338,0.428,0.868
slide1-C1-2__phase_analysis,signal:0083-0347,179.0,234.322092199,233.142,1750.0,1206.0,2150.0,924.14,349.241,0.692,41943.5805035,284.316092199,41943.5805035,2.157,0.464,0.863
slide1-C1-2__phase_analysis,signal:0084-0348,64.0,123.785092199,180.416,1678.0,1287.0,1897.0,558.014,348.249,0.704,7922.22990071,146.316092199,7922.22990071,2.495,0.401,0.859
slide1-C1-2__phase_analysis,signal:0090-0371,136.0,60.1470921986,154.848,1404.0,1191.0,1830.0,573.197,373.24,0.377,8179.98853901,66.3160921986,8179.98853901,2.77,0.361,0.591
slide1-C1-2__phase_analysis,signal:0091-0376,115.0,61.5680921986,213.933,1255.0,1152.0,1959.0,959.893,377.669,0.501,7080.35060284,49.3160921986,7080.35060284,3.185,0.314,0.749
slide1-C1-2__phase_analysis,signal:0094-0398,69.0,236.852092199,270.19,1975.0,1262.0,2218.0,750.62,399.166,0.667,16342.8103617,215.316092199,16342.8103617,2.385,0.419,0.817
slide1-C1-2__phase_analysis,signal:0095-0401,91.0,190.613092199,214.287,1725.0,1194.0,2141.0,577.867,401.879,0.548,17345.7643901,229.316092199,17345.7643901,3.418,0.293,0.827
slide1-C1-2__phase_analysis,signal:0096-0410,90.0,82.4380921986,207.467,1249.0,1097.0,1933.0,717.058,410.779,0.492,7419.44829787,65.3160921986,7419.44829787,3.298,0.303,0.738
slide1-C1-2__phase_analysis,signal:0098-0421,156.0,43.1490921986,161.471,1264.0,1217.0,1974.0,436.5,420.61,0.471,6731.31038298,36.3160921986,6731.31038298,3.076,0.325,0.741
slide1-C1-2__phase_analysis,signal:0099-0421,125.0,174.812092199,281.64,1249.0,1192.0,2395.0,750.318,419.985,0.388,21851.5115248,135.316092199,21851.5115248,3.342,0.299,0.607
slide1-C1-2__phase_analysis,signal:0100-0424,86.0,163.700092199,243.235,1501.0,1143.0,2086.0,736.638,425.052,0.572,14078.1839291,181.316092199,14078.1839291,3.093,0.323,0.823
slide1-C1-2__phase_analysis,signal:0103-0436,204.0,264.355092199,220.271,1712.0,1151.0,2199.0,847.642,435.479,0.36,53928.4828085,297.316092199,53928.4828085,2.49,0.402,0.648
slide1-C1-2__phase_analysis,signal:0105-0434,84.0,304.233092199,301.358,1607.0,1197.0,2598.0,912.152,434.211,0.621,25555.5517447,351.316092199,25555.5517447,2.843,0.352,0.84
slide1-C1-2__phase_analysis,signal:0106-0439,139.0,321.798092199,246.86,1637.0,1264.0,2277.0,975.973,442.055,0.399,44729.9368156,338.316092199,44729.9368156,3.436,0.291,0.628
slide1-C1-2__phase_analysis,signal:0107-0437,83.0,309.147092199,285.751,1589.0,1185.0,2228.0,953.268,436.302,0.568,25659.2356525,328.316092199,25659.2356525,2.731,0.366,0.755
slide1-C1-2__phase_analysis,signal:0108-0448,151.0,48.8660921986,193.198,1284.0,1149.0,2010.0,695.421,448.716,0.394,7378.72992199,65.3160921986,7378.72992199,4.294,0.233,0.671
slide1-C1-2__phase_analysis,signal:0111-0454,84.0,157.078092199,191.232,1288.0,1234.0,2029.0,946.459,454.054,0.604,13194.5517447,183.316092199,13194.5517447,3.121,0.32,0.866
slide1-C1-2__phase_analysis,signal:0112-0460,51.0,28.8650921986,154.784,1444.0,1232.0,1749.0,979.059,460.835,0.734,1472.12070213,44.3160921986,1472.12070213,2.502,0.4,0.911
slide1-C1-2__phase_analysis,signal:0113-0475,187.0,162.578092199,190.248,1345.0,1214.0,2063.0,509.202,473.937,0.631,30402.1092411,165.316092199,30402.1092411,2.641,0.379,0.806
slide1-C1-2__phase_analysis,signal:0114-0479,181.0,161.233092199,213.721,1380.0,1154.0,2108.0,435.194,477.869,0.556,29183.2126879,170.316092199,29183.2126879,1.809,0.553,0.815
slide1-C1-2__phase_analysis,signal:0115-0480,96.0,216.795092199,282.872,1216.0,1216.0,2377.0,779.046,481.316,0.451,20812.3448511,243.316092199,20812.3448511,3.74,0.267,0.678
slide1-C1-2__phase_analysis,signal:0116-0481,89.0,51.7320921986,239.529,1260.0,1164.0,2115.0,957.438,481.899,0.67,4604.13220567,-4.68390780142,4604.13220567,2.637,0.379,0.832
slide1-C1-2__phase_analysis,signal:0117-0485,80.0,155.154092199,250.329,1389.0,1166.0,2216.0,796.393,484.385,0.595,12412.2873759,115.316092199,12412.2873759,3.093,0.323,0.788
slide1-C1-2__phase_analysis,signal:0118-0497,126.0,93.0860921986,223.614,1320.0,1189.0,2130.0,714.328,499.321,0.368,11728.827617,57.3160921986,11728.827617,2.583,0.387,0.57
slide1-C1-2__phase_analysis,signal:0120-0503,175.0,210.265092199,232.822,1816.0,1172.0,2146.0,824.866,502.297,0.355,36796.3161348,233.316092199,36796.3161348,3.273,0.306,0.628
slide1-C1-2__phase_analysis,signal:0122-0508,72.0,148.774092199,278.442,1501.0,1154.0,2238.0,745.363,508.304,0.683,10711.7586383,86.3160921986,10711.7586383,2.722,0.367,0.878
slide1-C1-2__phase_analysis,signal:0123-0513,116.0,87.9800921986,160.393,1659.0,1234.0,2014.0,485.722,514.439,0.402,10205.666695,89.3160921986,10205.666695,3.693,0.271,0.671
slide1-C1-2__phase_analysis,signal:0125-0520,148.0,16.7280921986,120.354,1521.0,1136.0,1793.0,382.289,519.692,0.384,2475.78164539,23.3160921986,2475.78164539,5.767,0.173,0.802
slide1-C1-2__phase_analysis,signal:0127-0530,74.0,106.546092199,174.946,1416.0,1207.0,1906.0,556.503,530.902,0.59,7884.3908227,127.316092199,7884.3908227,2.976,0.336,0.767
slide1-C1-2__phase_analysis,signal:0128-0530,87.0,18.6030921986,147.638,1497.0,1209.0,1822.0,359.927,529.585,0.742,1618.50002128,23.3160921986,1618.50002128,2.279,0.439,0.879
slide1-C1-2__phase_analysis,signal:0129-0537,94.0,252.412092199,329.295,1356.0,1196.0,2416.0,899.771,536.961,0.525,23726.7126667,241.316092199,23726.7126667,3.488,0.287,0.828
slide1-C1-2__phase_analysis,signal:0130-0548,186.0,153.961092199,239.951,1397.0,1186.0,2081.0,952.429,550.373,0.386,28636.7931489,185.316092199,28636.7931489,1.238,0.808,0.657
slide1-C1-2__phase_analysis,signal:0134-0553,119.0,49.4000921986,172.041,1560.0,1188.0,1939.0,541.206,551.703,0.354,5878.61497163,35.3160921986,5878.61497163,4.532,0.221,0.618
slide1-C1-2__phase_analysis,signal:0138-0572,65.0,43.5620921986,137.877,1605.0,1253.0,1847.0,508.502,571.955,0.715,2831.54599291,4.31609219858,2831.54599291,2.454,0.407,0.861
slide1-C1-2__phase_analysis,signal:0139-0586,188.0,167.507092199,255.899,1345.0,1211.0,2313.0,682.316,587.476,0.299,31491.4253333,134.316092199,31491.4253333,2.514,0.398,0.551
slide1-C1-2__phase_analysis,signal:0140-0585,109.0,64.1780921986,237.655,1295.0,1164.0,2117.0,894.255,585.995,0.508,6995.45404965,26.3160921986,6995.45404965,3.148,0.318,0.734
slide1-C1-2__phase_analysis,signal:0141-0585,109.0,211.646092199,198.085,1341.0,1311.0,2075.0,646.24,586.374,0.496,23069.4540496,223.316092199,23069.4540496,3.342,0.299,0.734
slide1-C1-2__phase_analysis,signal:0144-0603,206.0,141.797092199,211.63,1479.0,1147.0,2267.0,961.578,600.147,0.325,29210.1149929,131.316092199,29210.1149929,3.272,0.306,0.592
slide1-C1-2__phase_analysis,signal:0145-0595,111.0,32.3970921986,183.099,1399.0,1187.0,1927.0,977.032,596.407,0.501,3596.08623404,23.3160921986,3596.08623404,3.345,0.299,0.738
slide1-C1-2__phase_analysis,signal:0150-0611,248.0,84.3930921986,180.994,1302.0,1104.0,1978.0,627.29,609.006,0.563,20929.3908652,100.316092199,20929.3908652,2.046,0.489,0.791
slide1-C1-2__phase_analysis,signal:0152-0615,60.0,219.649092199,254.499,1406.0,1252.0,2321.0,702.999,614.235,0.746,13178.9655319,222.316092199,13178.9655319,2.232,0.448,0.87
slide1-C1-2__phase_analysis,signal:0153-0623,172.0,142.845092199,240.879,1284.0,1210.0,2196.0,515.333,623.695,0.619,24569.3678582,119.316092199,24569.3678582,2.262,0.442,0.854
slide1-C1-2__phase_analysis,signal:0154-0622,169.0,314.334092199,269.43,1418.0,1182.0,2432.0,912.192,622.876,0.525,53122.4195816,335.316092199,53122.4195816,1.771,0.565,0.736
slide1-C1-2__phase_analysis,signal:0156-0627,138.0,34.8810921986,151.786,1340.0,1172.0,1844.0,971.48,628.849,0.382,4813.6207234,51.3160921986,4813.6207234,3.594,0.278,0.642
slide1-C1-2__phase_analysis,signal:0160-0657,226.0,107.997092199,200.055,1444.0,1152.0,2156.0,482.52,659.452,0.335,24407.4368369,92.3160921986,24407.4368369,3.105,0.322,0.594
slide1-C1-2__phase_analysis,signal:0165-0665,111.0,33.6850921986,194.11,1501.0,1150.0,1932.0,557.596,664.698,0.517,3739.08623404,25.3160921986,3739.08623404,2.878,0.347,0.738
slide1-C1-2__phase_analysis,signal:0167-0686,221.0,134.117092199,206.513,1581.0,1133.0,2200.0,850.873,688.444,0.506,29639.8563759,142.316092199,29639.8563759,2.398,0.417,0.733
slide1-C1-2__phase_analysis,signal:0171-0700,130.0,76.6010921986,247.914,1290.0,1129.0,2175.0,896.915,701.836,0.434,9958.09198582,43.3160921986,9958.09198582,3.489,0.287,0.675
slide1-C1-2__phase_analysis,signal:0176-0713,80.0,18.4660921986,173.154,1364.0,1172.0,1785.0,477.427,712.718,0.759,1477.28737589,-19.6839078014,1477.28737589,2.209,0.453,0.87
slide1-C1-2__phase_analysis,signal:0178-0743,179.0,205.366092199,222.001,1922.0,1238.0,2112.0,612.641,743.487,0.531,36760.5805035,235.316092199,36760.5805035,3.028,0.33,0.819
slide1-C1-2__phase_analysis,signal:0179-0743,70.0,42.5160921986,238.669,1758.0,1165.0,2044.0,734.257,742.971,0.696,2976.1264539,8.31609219858,2976.1264539,2.552,0.392,0.892
slide1-C1-2__phase_analysis,signal:0185-0762,128.0,193.433092199,250.041,1331.0,1207.0,2227.0,764.125,761.244,0.479,24759.4598014,192.316092199,24759.4598014,3.657,0.273,0.764
slide1-C1-2__phase_analysis,signal:0186-0772,141.0,116.607092199,271.573,1250.0,1133.0,2085.0,843.465,771.941,0.462,16441.569,115.316092199,16441.569,3.53,0.283,0.693
slide1-C1-2__phase_analysis,signal:0189-0777,102.0,27.4630921986,194.658,1300.0,1134.0,1926.0,631.674,777.492,0.59,2801.24140426,7.31609219858,2801.24140426,2.969,0.337,0.836
slide1-C1-2__phase_analysis,signal:0191-0789,80.0,41.1160921986,261.053,1387.0,1085.0,2168.0,660.615,788.207,0.654,3289.28737589,-6.68390780142,3289.28737589,2.614,0.383,0.87
slide1-C1-2__phase_analysis,signal:0195-0800,93.0,53.2080921986,197.331,1597.0,1158.0,1917.0,513.147,800.686,0.643,4948.39657447,56.3160921986,4948.39657447,2.816,0.355,0.877
slide1-C1-2__phase_analysis,signal:0197-0809,101.0,127.960092199,312.531,1320.0,1055.0,2320.0,714.482,808.443,0.614,12923.9253121,56.3160921986,12923.9253121,2.794,0.358,0.831
slide1-C1-2__phase_analysis,signal:0198-0808,67.0,49.8090921986,303.653,1133.0,1133.0,2147.0,898.552,808.31,0.712,3337.1781773,-42.6839078014,3337.1781773,2.322,0.431,0.859
slide1-C1-2__phase_analysis,signal:0202-0824,117.0,135.154092199,262.906,1276.0,1138.0,2123.0,670.292,824.523,0.55,15812.9827872,132.316092199,15812.9827872,3.029,0.33,0.772
slide1-C1-2__phase_analysis,signal:0203-0825,188.0,292.800092199,255.327,1810.0,1200.0,2382.0,827.836,825.288,0.819,55046.4253333,329.316092199,55046.4253333,1.856,0.539,0.924
slide1-C1-2__phase_analysis,signal:0207-0845,103.0,85.8790921986,281.929,1219.0,1154.0,2102.0,908.411,845.757,0.636,8845.55749645,-6.68390780142,8845.55749645,2.731,0.366,0.827
slide1-C1-2__phase_analysis,signal:0210-0855,171.0,86.0290921986,195.26,1282.0,1139.0,2015.0,403.781,855.633,0.736,14711.051766,95.3160921986,14711.051766,2.04,0.49,0.898
slide1-C1-2__phase_analysis,signal:0211-0857,90.0,123.838092199,308.014,1327.0,1150.0,2247.0,764.418,857.528,0.63,11145.4482979,67.3160921986,11145.4482979,2.627,0.381,0.853
slide1-C1-2__phase_analysis,signal:0212-0863,182.0,97.1730921986,170.827,1722.0,1140.0,1944.0,329.632,863.186,0.509,17685.5287801,121.316092199,17685.5287801,2.51,0.398,0.729
slide1-C1-2__phase_analysis,signal:0223-0906,98.0,319.234092199,292.761,1993.0,1198.0,2312.0,643.002,906.048,0.645,31284.9770355,370.316092199,31284.9770355,2.751,0.363,0.838
slide1-C1-2__phase_analysis,signal:0227-0926,88.0,170.373092199,302.486,1408.0,1166.0,2267.0,807.787,927.516,0.564,14992.8161135,140.316092199,14992.8161135,2.932,0.341,0.793
slide1-C1-2__phase_analysis,signal:0228-0926,88.0,98.8610921986,301.205,1203.0,1148.0,2246.0,915.462,925.272,0.643,8699.81611348,66.3160921986,8699.81611348,2.607,0.384,0.85
slide1-C1-2__phase_analysis,signal:0231-0939,72.0,59.5940921986,177.57,1223.0,1128.0,1856.0,547.001,938.987,0.744,4290.7586383,59.3160921986,4290.7586383,2.314,0.432,0.857
slide1-C1-2__phase_analysis,signal:0233-0948,136.0,59.0440921986,220.093,1398.0,1083.0,2059.0,525.64,949.086,0.45,8029.98853901,32.3160921986,8029.98853901,4.103,0.244,0.699
slide1-C1-2__phase_analysis,signal:0236-0951,87.0,58.2700921986,247.117,1327.0,1137.0,2000.0,607.581,951.461,0.711,5069.50002128,-19.6839078014,5069.50002128,2.206,0.453,0.849
slide1-C1-2__phase_analysis,signal:0238-0956,160.0,162.022092199,264.803,1323.0,1157.0,2232.0,709.701,956.961,0.534,25923.5747518,163.316092199,25923.5747518,2.823,0.354,0.773
slide1-C1-2__phase_analysis,signal:0241-0969,76.0,33.4340921986,208.962,1166.0,1136.0,1964.0,728.781,968.572,0.643,2541.02300709,10.3160921986,2541.02300709,2.786,0.359,0.826
slide1-C1-2__phase_analysis,signal:0242-0976,104.0,126.499092199,278.659,1281.0,1093.0,2191.0,617.04,975.317,0.663,13155.8735887,63.3160921986,13155.8735887,2.708,0.369,0.889
slide1-C1-2__phase_analysis,signal:0243-0975,228.0,87.6540921986,243.835,1431.0,1068.0,2299.0,928.911,974.473,0.336,19985.0690213,76.3160921986,19985.0690213,3.906,0.256,0.637
slide1-C1-2__phase_analysis,signal:0244-0979,98.0,198.296092199,283.576,1503.0,1159.0,2289.0,739.144,980.262,0.569,19432.9770355,236.316092199,19432.9770355,2.903,0.344,0.763
slide1-C1-3__phase_analysis,signal:0001-0008,134.0,196.047092199,298.785,1316.0,1113.0,2227.0,651.585,10.305,0.424,26270.3563546,230.316092199,26270.3563546,3.471,0.288,0.654
slide1-C1-3__phase_analysis,signal:0003-0023,145.0,108.957092199,254.546,1198.0,1108.0,2079.0,431.803,21.795,0.468,15798.8333688,129.316092199,15798.8333688,4.037,0.248,0.742
slide1-C1-3__phase_analysis,signal:0004-0029,61.0,145.054092199,262.399,1239.0,1197.0,2086.0,787.608,29.085,0.695,8848.28162411,124.316092199,8848.28162411,2.55,0.392,0.859
slide1-C1-3__phase_analysis,signal:0005-0033,136.0,129.235092199,229.793,1635.0,1158.0,2128.0,896.705,31.694,0.426,17575.988539,124.316092199,17575.988539,3.264,0.306,0.634
slide1-C1-3__phase_analysis,signal:0006-0043,146.0,170.350092199,312.438,1582.0,1135.0,2315.0,767.791,41.44,0.37,24871.149461,131.316092199,24871.149461,4.442,0.225,0.649
slide1-C1-3__phase_analysis,signal:0007-0043,117.0,97.8800921986,271.324,1361.0,1115.0,2118.0,508.546,41.87,0.538,11451.9827872,75.3160921986,11451.9827872,3.019,0.331,0.745
slide1-C1-3__phase_analysis,signal:0009-0056,116.0,257.773092199,337.426,1317.0,1126.0,2306.0,520.065,56.064,0.515,29901.666695,233.316092199,29901.666695,3.917,0.255,0.823
slide1-C1-3__phase_analysis,signal:0010-0057,98.0,40.4890921986,226.953,1891.0,1115.0,2023.0,444.555,56.69,0.628,3967.97703546,-17.6839078014,3967.97703546,2.729,0.366,0.841
slide1-C1-3__phase_analysis,signal:0011-0063,150.0,122.203092199,284.947,1286.0,1084.0,2213.0,679.967,62.247,0.438,18330.4138298,101.316092199,18330.4138298,3.185,0.314,0.659
slide1-C1-3__phase_analysis,signal:0012-0067,115.0,193.612092199,243.317,1531.0,1220.0,2142.0,803.488,66.126,0.561,22265.3506028,220.316092199,22265.3506028,3.437,0.291,0.78
slide1-C1-3__phase_analysis,signal:0016-0073,138.0,155.983092199,196.007,1862.0,1192.0,2015.0,379.037,71.1,0.496,21525.6207234,180.316092199,21525.6207234,2.72,0.368,0.688
slide1-C1-3__phase_analysis,signal:0017-0072,214.0,306.624092199,242.428,1711.0,1201.0,2273.0,832.196,72.843,0.334,65617.6437305,299.316092199,65617.6437305,1.584,0.631,0.763
slide1-C1-3__phase_analysis,signal:0019-0086,95.0,166.695092199,325.95,1220.0,1149.0,2385.0,727.72,85.83,0.563,15836.0287589,130.316092199,15836.0287589,3.206,0.312,0.805
slide1-C1-3__phase_analysis,signal:0020-0084,165.0,200.952092199,220.419,1518.0,1180.0,2253.0,986.392,84.555,0.561,33157.1552128,197.316092199,33157.1552128,2.565,0.39,0.797
slide1-C1-3__phase_analysis,signal:0021-0098,189.0,407.924092199,283.34,2013.0,1179.0,2638.0,807.026,96.603,0.319,77097.7414255,411.316092199,77097.7414255,4.176,0.239,0.685
slide1-C1-3__phase_analysis,signal:0022-0092,73.0,250.686092199,324.958,2046.0,1121.0,2403.0,597.156,92.159,0.716,18300.0747305,309.316092199,18300.0747305,2.268,0.441,0.859
slide1-C1-3__phase_analysis,signal:0025-0099,108.0,93.6030921986,201.293,1232.0,1211.0,2050.0,383.85,99.207,0.647,10109.1379574,64.3160921986,10109.1379574,3.036,0.329,0.878
slide1-C1-3__phase_analysis,signal:0027-0123,155.0,27.1610921986,189.699,1349.0,1175.0,1911.0,447.516,122.288,0.453,4209.99429078,20.3160921986,4209.99429078,3.54,0.282,0.698
slide1-C1-3__phase_analysis,signal:0028-0114,78.0,343.765092199,312.778,1494.0,1157.0,2479.0,837.957,113.347,0.637,26813.6551915,364.316092199,26813.6551915,2.743,0.365,0.817
slide1-C1-3__phase_analysis,signal:0029-0120,128.0,132.941092199,222.818,1231.0,1162.0,2054.0,528.226,121.084,0.46,17016.4598014,151.316092199,17016.4598014,2.547,0.393,0.67
slide1-C1-3__phase_analysis,signal:0031-0127,113.0,190.599092199,267.868,1354.0,1222.0,2288.0,808.173,127.599,0.435,21537.7184184,189.316092199,21537.7184184,3.309,0.302,0.669
slide1-C1-3__phase_analysis,signal:0034-0128,125.0,187.668092199,218.963,1509.0,1201.0,2148.0,788.165,129.489,0.372,23458.5115248,190.316092199,23458.5115248,3.583,0.279,0.616
slide1-C1-3__phase_analysis,signal:0036-0129,84.0,479.745092199,344.638,1581.0,1236.0,2575.0,760.621,128.439,0.565,40298.5517447,525.316092199,40298.5517447,3.113,0.321,0.8
slide1-C1-3__phase_analysis,signal:0038-0152,76.0,107.711092199,296.328,1139.0,1139.0,2175.0,626.398,152.442,0.66,8186.02300709,29.3160921986,8186.02300709,2.692,0.372,0.859
slide1-C1-3__phase_analysis,signal:0041-0169,148.0,81.8900921986,229.82,1410.0,1135.0,2138.0,656.471,169.351,0.387,12119.7816454,51.3160921986,12119.7816454,3.693,0.271,0.659
slide1-C1-3__phase_analysis,signal:0043-0180,85.0,250.292092199,273.523,1707.0,1156.0,2211.0,861.55,181.296,0.67,21274.8678369,240.316092199,21274.8678369,2.702,0.37,0.842
slide1-C1-3__phase_analysis,signal:0051-0212,160.0,309.928092199,248.05,1435.0,1173.0,2260.0,921.655,211.168,0.456,49588.5747518,348.316092199,49588.5747518,2.216,0.451,0.719
slide1-C1-3__phase_analysis,signal:0052-0222,134.0,181.659092199,301.824,1360.0,1153.0,2356.0,758.295,221.205,0.409,24342.3563546,109.316092199,24342.3563546,3.998,0.25,0.649
slide1-C1-3__phase_analysis,signal:0053-0226,137.0,140.936092199,245.643,1926.0,1092.0,2153.0,524.867,226.502,0.424,19308.3046312,100.316092199,19308.3046312,3.4,0.294,0.688
slide1-C1-3__phase_analysis,signal:0055-0234,81.0,284.612092199,285.09,1193.0,1193.0,2283.0,982.422,234.886,0.654,23053.6034681,299.316092199,23053.6034681,2.668,0.375,0.839
slide1-C1-3__phase_analysis,signal:0060-0254,104.0,75.3930921986,212.119,1247.0,1204.0,2130.0,523.036,253.653,0.583,7840.87358865,45.3160921986,7840.87358865,3.134,0.319,0.782
slide1-C1-3__phase_analysis,signal:0062-0264,109.0,118.922092199,275.199,1328.0,1175.0,2202.0,569.51,264.762,0.519,12962.4540496,62.3160921986,12962.4540496,3.388,0.295,0.757
slide1-C1-3__phase_analysis,signal:0064-0268,110.0,165.589092199,216.671,1560.0,1239.0,2149.0,726.037,269.546,0.382,18214.7701418,148.316092199,18214.7701418,3.585,0.279,0.611
slide1-C1-3__phase_analysis,signal:0065-0274,84.0,349.292092199,267.337,1701.0,1296.0,2268.0,705.811,274.776,0.553,29340.5517447,402.316092199,29340.5517447,3.294,0.304,0.767
slide1-C1-3__phase_analysis,signal:0066-0275,77.0,418.407092199,420.461,1326.0,1154.0,2624.0,839.652,274.584,0.633,32217.3390993,479.316092199,32217.3390993,2.75,0.364,0.798
slide1-C1-3__phase_analysis,signal:0067-0275,70.0,190.830092199,261.876,1349.0,1192.0,2136.0,671.955,275.717,0.709,13358.1264539,152.316092199,13358.1264539,2.188,0.457,0.854
slide1-C1-3__phase_analysis,signal:0069-0289,88.0,166.271092199,247.35,1479.0,1212.0,2171.0,582.209,289.47,0.57,14631.8161135,166.316092199,14631.8161135,3.214,0.311,0.779
slide1-C1-3__phase_analysis,signal:0070-0298,119.0,184.761092199,290.243,1598.0,1172.0,2259.0,721.29,296.806,0.413,21986.6149716,145.316092199,21986.6149716,3.55,0.282,0.642
slide1-C1-3__phase_analysis,signal:0072-0298,110.0,36.0430921986,210.588,1239.0,1116.0,1993.0,489.756,297.79,0.579,3964.77014184,-15.6839078014,3964.77014184,3.076,0.325,0.803
slide1-C1-3__phase_analysis,signal:0073-0295,63.0,151.776092199,258.763,1304.0,1208.0,2123.0,951.096,294.889,0.8,9561.91380851,144.316092199,9561.91380851,2.253,0.444,0.869
slide1-C1-3__phase_analysis,signal:0074-0297,110.0,334.798092199,255.475,1575.0,1296.0,2333.0,912.799,295.961,0.442,36827.7701418,372.316092199,36827.7701418,3.421,0.292,0.665
slide1-C1-3__phase_analysis,signal:0075-0300,81.0,50.5380921986,276.46,1285.0,1069.0,2195.0,617.411,299.364,0.716,4093.60346809,-33.6839078014,4093.60346809,2.497,0.4,0.848
slide1-C1-3__phase_analysis,signal:0077-0311,66.0,139.649092199,292.096,1898.0,1180.0,2127.0,747.668,310.369,0.716,9216.86208511,105.316092199,9216.86208511,2.569,0.389,0.863
slide1-C1-3__phase_analysis,signal:0078-0314,53.0,221.599092199,295.866,1519.0,1226.0,2199.0,650.096,313.67,0.78,11744.7528865,287.316092199,11744.7528865,1.912,0.523,0.841
slide1-C1-3__phase_analysis,signal:0079-0321,98.0,94.4380921986,246.877,1246.0,1113.0,2168.0,469.765,320.749,0.667,9254.97703546,55.3160921986,9254.97703546,2.844,0.352,0.899
slide1-C1-3__phase_analysis,signal:0080-0322,84.0,291.137092199,246.654,2029.0,1280.0,2212.0,776.171,322.277,0.607,24455.5517447,341.316092199,24455.5517447,3.025,0.331,0.816
slide1-C1-3__phase_analysis,signal:0081-0331,68.0,97.1540921986,249.169,1355.0,1171.0,2023.0,738.15,331.95,0.737,6606.4942695,56.3160921986,6606.4942695,2.466,0.406,0.901
slide1-C1-3__phase_analysis,signal:0084-0342,170.0,38.8630921986,160.083,1395.0,1190.0,1859.0,393.08,340.165,0.341,6606.73567376,35.3160921986,6606.73567376,3.09,0.324,0.565
slide1-C1-3__phase_analysis,signal:0085-0346,73.0,99.6720921986,204.793,1430.0,1221.0,1926.0,966.625,346.337,0.684,7276.0747305,97.3160921986,7276.0747305,2.545,0.393,0.83
slide1-C1-3__phase_analysis,signal:0086-0347,96.0,300.233092199,271.781,1537.0,1229.0,2247.0,673.803,348.309,0.406,28822.3448511,351.316092199,28822.3448511,3.744,0.267,0.632
slide1-C1-3__phase_analysis,signal:0087-0361,169.0,94.0620921986,203.955,1579.0,1171.0,2028.0,585.637,358.499,0.353,15896.4195816,93.3160921986,15896.4195816,2.395,0.418,0.532
slide1-C1-3__phase_analysis,signal:0091-0358,94.0,121.465092199,212.897,1301.0,1220.0,2138.0,663.718,357.289,0.397,11417.7126667,122.316092199,11417.7126667,4.175,0.24,0.646
slide1-C1-3__phase_analysis,signal:0092-0370,88.0,262.861092199,260.781,1663.0,1191.0,2157.0,652.737,371.035,0.538,23131.8161135,289.316092199,23131.8161135,3.195,0.313,0.765
slide1-C1-3__phase_analysis,signal:0093-0376,79.0,28.0630921986,243.484,1230.0,1118.0,2050.0,545.102,375.762,0.74,2216.97128369,-62.6839078014,2216.97128369,2.374,0.421,0.883
slide1-C1-3__phase_analysis,signal:0094-0376,62.0,297.203092199,258.789,1880.0,1235.0,2250.0,678.742,375.875,0.589,18426.5977163,339.316092199,18426.5977163,3.124,0.32,0.81
slide1-C1-3__phase_analysis,signal:0095-0379,156.0,459.829092199,275.027,2160.0,1156.0,2448.0,907.367,379.624,0.783,71733.310383,507.316092199,71733.310383,1.665,0.601,0.907
slide1-C1-3__phase_analysis,signal:0098-0403,142.0,124.710092199,220.392,1490.0,1096.0,2009.0,764.184,401.78,0.377,17708.8850922,111.316092199,17708.8850922,3.033,0.33,0.586
slide1-C1-3__phase_analysis,signal:0099-0407,86.0,201.060092199,298.866,1629.0,1127.0,2261.0,738.974,407.145,0.595,17291.1839291,162.316092199,17291.1839291,3.134,0.319,0.856
slide1-C1-3__phase_analysis,signal:0101-0415,180.0,359.672092199,349.85,1758.0,1170.0,2521.0,826.104,416.732,0.252,64740.8965957,371.316092199,64740.8965957,1.654,0.604,0.495
slide1-C1-3__phase_analysis,signal:0102-0411,77.0,395.680092199,329.367,2174.0,1241.0,2377.0,863.342,410.924,0.579,30467.3390993,457.316092199,30467.3390993,3.297,0.303,0.837
slide1-C1-3__phase_analysis,signal:0103-0420,120.0,132.124092199,236.238,1288.0,1153.0,2169.0,853.175,420.936,0.379,15854.9310638,113.316092199,15854.9310638,2.877,0.348,0.57
slide1-C1-3__phase_analysis,signal:0106-0427,104.0,172.585092199,268.185,1435.0,1212.0,2148.0,936.311,427.212,0.572,17948.8735887,126.316092199,17948.8735887,3.088,0.324,0.806
slide1-C1-3__phase_analysis,signal:0107-0422,81.0,144.847092199,199.967,1409.0,1223.0,2025.0,976.534,421.672,0.617,11732.6034681,172.316092199,11732.6034681,3.105,0.322,0.839
slide1-C1-3__phase_analysis,signal:0108-0437,79.0,142.670092199,159.037,1633.0,1327.0,1987.0,508.338,437.095,0.619,11270.9712837,159.316092199,11270.9712837,2.879,0.347,0.854
slide1-C1-3__phase_analysis,signal:0109-0446,142.0,251.943092199,315.281,1427.0,1191.0,2345.0,755.357,445.421,0.35,35775.8850922,209.316092199,35775.8850922,4.587,0.218,0.657
slide1-C1-3__phase_analysis,signal:0111-0445,91.0,243.624092199,340.832,1218.0,1218.0,2397.0,813.982,445.547,0.619,22169.7643901,210.316092199,22169.7643901,3.008,0.332,0.924
slide1-C1-3__phase_analysis,signal:0113-0453,158.0,171.101092199,315.3,1354.0,1160.0,2373.0,619.167,455.24,0.333,27033.9425674,73.3160921986,27033.9425674,1.914,0.522,0.587
slide1-C1-3__phase_analysis,signal:0114-0455,160.0,171.328092199,206.689,1677.0,1228.0,2147.0,967.218,455.994,0.326,27412.5747518,157.316092199,27412.5747518,2.24,0.446,0.514
slide1-C1-3__phase_analysis,signal:0116-0464,99.0,312.680092199,301.373,2101.0,1199.0,2385.0,751.92,465.778,0.381,30955.2931277,318.316092199,30955.2931277,3.215,0.311,0.584
slide1-C1-3__phase_analysis,signal:0117-0470,112.0,231.396092199,250.422,1412.0,1210.0,2212.0,992.041,469.66,0.459,25916.4023262,265.316092199,25916.4023262,3.885,0.257,0.739
slide1-C1-3__phase_analysis,signal:0118-0470,105.0,202.592092199,270.28,1877.0,1192.0,2247.0,828.865,469.955,0.458,21272.1896809,215.316092199,21272.1896809,3.449,0.29,0.677
slide1-C1-3__phase_analysis,signal:0120-0480,120.0,91.9240921986,203.632,1344.0,1240.0,2044.0,702.925,480.045,0.425,11030.9310638,82.3160921986,11030.9310638,2.623,0.381,0.64
slide1-C1-3__phase_analysis,signal:0121-0476,61.0,75.1360921986,220.796,1246.0,1194.0,2097.0,583.021,476.014,0.787,4583.28162411,42.3160921986,4583.28162411,2.107,0.475,0.865
slide1-C1-3__phase_analysis,signal:0122-0479,54.0,111.353092199,172.774,1423.0,1157.0,1998.0,490.874,478.631,0.723,6013.06897872,89.3160921986,6013.06897872,2.288,0.437,0.837
slide1-C1-3__phase_analysis,signal:0123-0488,83.0,309.726092199,272.676,1757.0,1230.0,2292.0,831.626,488.961,0.59,25707.2356525,326.316092199,25707.2356525,2.935,0.341,0.787
slide1-C1-3__phase_analysis,signal:0124-0500,79.0,23.8220921986,197.713,1474.0,1175.0,1980.0,642.823,499.805,0.695,1881.97128369,-25.6839078014,1881.97128369,2.651,0.377,0.888
slide1-C1-3__phase_analysis,signal:0127-0515,122.0,274.906092199,258.64,1512.0,1197.0,2420.0,580.393,515.676,0.407,33538.5632482,266.316092199,33538.5632482,3.877,0.258,0.67
slide1-C1-3__phase_analysis,signal:0128-0509,72.0,140.719092199,189.515,1437.0,1277.0,2117.0,515.621,508.341,0.564,10131.7586383,148.316092199,10131.7586383,2.7,0.37,0.738
slide1-C1-3__phase_analysis,signal:0129-0514,96.0,280.722092199,272.898,1410.0,1157.0,2319.0,851.35,513.494,0.625,26949.3448511,310.316092199,26949.3448511,3.134,0.319,0.81
slide1-C1-3__phase_analysis,signal:0130-0518,105.0,169.354092199,229.764,1295.0,1147.0,2134.0,742.119,519.341,0.5,17782.1896809,181.316092199,17782.1896809,3.742,0.267,0.755
slide1-C1-3__phase_analysis,signal:0133-0543,100.0,204.316092199,232.589,1457.0,1200.0,2113.0,795.116,544.791,0.534,20431.6092199,236.316092199,20431.6092199,3.168,0.316,0.752
slide1-C1-3__phase_analysis,signal:0135-0544,53.0,164.354092199,284.481,1216.0,1216.0,2301.0,614.393,544.33,0.827,8710.75288652,106.316092199,8710.75288652,1.965,0.509,0.876
slide1-C1-3__phase_analysis,signal:0136-0551,96.0,127.410092199,223.13,1307.0,1184.0,2098.0,854.868,550.207,0.507,12231.3448511,117.316092199,12231.3448511,3.648,0.274,0.762
slide1-C1-3__phase_analysis,signal:0137-0560,187.0,304.257092199,250.565,1688.0,1301.0,2425.0,666.543,562.108,0.323,56896.1092411,315.316092199,56896.1092411,2.447,0.409,0.578
slide1-C1-3__phase_analysis,signal:0138-0554,128.0,339.402092199,346.188,1440.0,1209.0,2633.0,637.838,556.04,0.367,43443.4598014,293.316092199,43443.4598014,3.749,0.267,0.621
slide1-C1-3__phase_analysis,signal:0139-0554,101.0,270.049092199,246.042,1589.0,1194.0,2354.0,941.832,552.905,0.586,27274.9253121,256.316092199,27274.9253121,3.123,0.32,0.824
slide1-C1-3__phase_analysis,signal:0144-0572,75.0,312.063092199,391.946,1406.0,1128.0,2533.0,844.839,572.89,0.624,23404.7069149,274.316092199,23404.7069149,2.832,0.353,0.824
slide1-C1-3__phase_analysis,signal:0145-0582,92.0,232.414092199,271.601,1343.0,1207.0,2268.0,952.877,581.356,0.56,21382.0804823,260.316092199,21382.0804823,3.199,0.313,0.836
slide1-C1-3__phase_analysis,signal:0146-0588,87.0,29.5340921986,197.724,1349.0,1159.0,1986.0,588.787,588.133,0.636,2569.50002128,8.31609219858,2569.50002128,2.832,0.353,0.841
slide1-C1-3__phase_analysis,signal:0147-0590,99.0,424.215092199,304.156,1640.0,1237.0,2529.0,863.0,588.85,0.516,41997.2931277,449.316092199,41997.2931277,2.845,0.351,0.744
slide1-C1-3__phase_analysis,signal:0149-0595,70.0,182.716092199,302.475,1354.0,1204.0,2367.0,885.826,595.58,0.686,12790.1264539,156.316092199,12790.1264539,2.526,0.396,0.875
slide1-C1-3__phase_analysis,signal:0152-0599,83.0,162.208092199,205.602,1330.0,1217.0,2136.0,561.032,600.139,0.568,13463.2356525,181.316092199,13463.2356525,3.205,0.312,0.798
slide1-C1-3__phase_analysis,signal:0154-0607,107.0,405.765092199,308.885,1390.0,1303.0,2484.0,849.136,605.264,0.462,43416.8218652,448.316092199,43416.8218652,2.978,0.336,0.663
slide1-C1-3__phase_analysis,signal:0157-0607,72.0,132.122092199,291.215,1719.0,1136.0,2328.0,604.765,606.822,0.72,9512.7586383,108.316092199,9512.7586383,2.439,0.41,0.852
slide1-C1-3__phase_analysis,signal:0158-0610,118.0,65.1720921986,138.191,1645.0,1137.0,1800.0,456.813,611.742,0.464,7690.29887943,94.3160921986,7690.29887943,3.242,0.308,0.678
slide1-C1-3__phase_analysis,signal:0160-0625,125.0,253.556092199,295.641,1346.0,1198.0,2493.0,744.502,625.067,0.429,31694.5115248,270.316092199,31694.5115248,3.62,0.276,0.687
slide1-C1-3__phase_analysis,signal:0161-0631,120.0,149.858092199,228.294,1521.0,1204.0,2077.0,539.795,631.271,0.49,17982.9310638,112.316092199,17982.9310638,3.401,0.294,0.797
slide1-C1-3__phase_analysis,signal:0162-0638,192.0,368.405092199,309.437,2114.0,1145.0,2577.0,824.946,641.833,0.231,70733.6897021,410.316092199,70733.6897021,2.908,0.344,0.411
slide1-C1-3__phase_analysis,signal:0163-0635,150.0,252.096092199,290.057,1321.0,1139.0,2252.0,910.834,634.232,0.397,37814.4138298,236.316092199,37814.4138298,2.984,0.335,0.596
slide1-C1-3__phase_analysis,signal:0166-0643,81.0,222.118092199,232.754,1439.0,1210.0,2175.0,664.905,643.759,0.682,17991.6034681,279.316092199,17991.6034681,2.637,0.379,0.876
slide1-C1-3__phase_analysis,signal:0167-0658,184.0,137.164092199,225.828,1828.0,1128.0,2131.0,610.438,657.646,0.314,25238.1609645,142.316092199,25238.1609645,4.904,0.204,0.637
slide1-C1-3__phase_analysis,signal:0169-0658,199.0,210.602092199,286.207,1347.0,1176.0,2367.0,728.549,657.619,0.288,41909.9023475,203.316092199,41909.9023475,2.778,0.36,0.593
slide1-C1-3__phase_analysis,signal:0170-0657,129.0,283.479092199,378.924,1778.0,1181.0,2842.0,852.811,658.612,0.394,36568.7758936,182.316092199,36568.7758936,2.918,0.343,0.601
slide1-C1-3__phase_analysis,signal:0171-0654,90.0,44.2600921986,198.488,1213.0,1213.0,2076.0,561.732,654.073,0.674,3983.44829787,12.3160921986,3983.44829787,2.678,0.373,0.887
slide1-C1-3__phase_analysis,signal:0172-0661,109.0,136.720092199,187.36,1563.0,1200.0,2086.0,429.821,661.307,0.59,14902.4540496,138.316092199,14902.4540496,3.308,0.302,0.835
slide1-C1-3__phase_analysis,signal:0173-0661,87.0,119.730092199,255.645,1243.0,1186.0,2258.0,896.759,660.722,0.699,10416.5000213,102.316092199,10416.5000213,2.506,0.399,0.902
slide1-C1-3__phase_analysis,signal:0174-0663,64.0,221.878092199,234.828,1177.0,1177.0,2135.0,627.253,663.95,0.661,14200.2299007,288.316092199,14200.2299007,2.55,0.392,0.831
slide1-C1-3__phase_analysis,signal:0175-0663,91.0,128.129092199,269.46,1233.0,1162.0,2169.0,654.736,662.952,0.629,11659.7643901,89.3160921986,11659.7643901,2.899,0.345,0.812
slide1-C1-3__phase_analysis,signal:0176-0670,169.0,174.653092199,218.786,1392.0,1216.0,2269.0,826.471,673.275,0.308,29516.4195816,180.316092199,29516.4195816,1.692,0.591,0.529
slide1-C1-3__phase_analysis,signal:0177-0669,53.0,91.7500921986,261.432,1207.0,1207.0,2190.0,591.006,668.77,0.75,4862.75288652,32.3160921986,4862.75288652,2.125,0.471,0.869
slide1-C1-3__phase_analysis,signal:0180-0683,100.0,26.6160921986,181.134,1276.0,1189.0,2042.0,423.461,683.091,0.602,2661.60921986,18.3160921986,2661.60921986,2.961,0.338,0.826
slide1-C1-3__phase_analysis,signal:0181-0701,155.0,50.1810921986,170.452,1280.0,1179.0,1894.0,983.413,700.206,0.363,7777.99429078,52.3160921986,7777.99429078,2.113,0.473,0.56
slide1-C1-3__phase_analysis,signal:0184-0706,67.0,167.973092199,338.196,1285.0,1149.0,2223.0,883.738,706.631,0.752,11254.1781773,74.3160921986,11254.1781773,2.328,0.429,0.859
slide1-C1-3__phase_analysis,signal:0187-0726,99.0,47.3260921986,253.705,1664.0,1138.0,2247.0,544.774,726.974,0.634,4685.29312766,31.3160921986,4685.29312766,2.743,0.365,0.815
slide1-C1-3__phase_analysis,signal:0188-0733,205.0,265.209092199,235.51,1459.0,1208.0,2270.0,853.128,733.673,0.238,54367.7989007,281.316092199,54367.7989007,3.823,0.262,0.505
slide1-C1-3__phase_analysis,signal:0190-0749,87.0,23.7180921986,179.638,1284.0,1108.0,1923.0,440.765,749.894,0.702,2063.50002128,10.3160921986,2063.50002128,2.397,0.417,0.874
slide1-C1-3__phase_analysis,signal:0192-0769,183.0,242.622092199,247.843,1300.0,1140.0,2283.0,882.171,768.94,0.281,44399.8448723,257.316092199,44399.8448723,3.951,0.253,0.577
slide1-C1-3__phase_analysis,signal:0193-0758,104.0,38.2970921986,183.965,1239.0,1139.0,1904.0,405.182,758.346,0.674,3982.87358865,66.3160921986,3982.87358865,2.246,0.445,0.842
slide1-C1-3__phase_analysis,signal:0194-0760,87.0,304.523092199,243.639,1722.0,1265.0,2340.0,849.247,760.632,0.57,26493.5000213,325.316092199,26493.5000213,3.225,0.31,0.825
slide1-C1-3__phase_analysis,signal:0195-0766,119.0,40.3240921986,235.55,1815.0,1110.0,1950.0,664.033,764.716,0.542,4798.61497163,0.316092198581,4798.61497163,3.015,0.332,0.737
slide1-C1-3__phase_analysis,signal:0196-0773,139.0,96.5390921986,230.941,1637.0,1067.0,2189.0,826.024,772.246,0.395,13418.9368156,105.316092199,13418.9368156,3.228,0.31,0.612
slide1-C1-3__phase_analysis,signal:0198-0778,196.0,297.658092199,358.799,1483.0,1181.0,2718.0,569.524,777.632,0.255,58340.9540709,224.316092199,58340.9540709,4.155,0.241,0.508
slide1-C1-3__phase_analysis,signal:0200-0781,146.0,63.2750921986,191.846,1658.0,1123.0,1986.0,474.355,782.608,0.388,9238.14946099,38.3160921986,9238.14946099,2.149,0.465,0.631
slide1-C1-3__phase_analysis,signal:0201-0780,101.0,216.534092199,284.954,1278.0,1183.0,2122.0,715.446,778.721,0.558,21869.9253121,201.316092199,21869.9253121,3.219,0.311,0.795
slide1-C1-3__phase_analysis,signal:0204-0793,89.0,27.6530921986,197.198,1238.0,1112.0,1997.0,532.987,792.649,0.595,2461.13220567,3.31609219858,2461.13220567,3.359,0.298,0.809
slide1-C1-3__phase_analysis,signal:0205-0792,95.0,386.937092199,364.099,1651.0,1221.0,2626.0,775.422,793.277,0.625,36759.0287589,412.316092199,36759.0287589,2.883,0.347,0.83
slide1-C1-3__phase_analysis,signal:0207-0801,77.0,244.303092199,358.642,2030.0,1090.0,2386.0,725.761,801.556,0.677,18811.3390993,175.316092199,18811.3390993,2.423,0.413,0.87
slide1-C1-3__phase_analysis,signal:0208-0802,137.0,201.382092199,227.049,1816.0,1167.0,2115.0,945.99,802.211,0.377,27589.3046312,194.316092199,27589.3046312,3.242,0.308,0.633
slide1-C1-3__phase_analysis,signal:0209-0813,155.0,218.032092199,298.136,1262.0,1052.0,2373.0,645.103,814.109,0.384,33794.9942908,232.316092199,33794.9942908,2.472,0.405,0.604
slide1-C1-3__phase_analysis,signal:0210-0813,79.0,135.772092199,258.275,1345.0,1165.0,2288.0,547.599,812.357,0.564,10725.9712837,116.316092199,10725.9712837,3.018,0.331,0.76
slide1-C1-3__phase_analysis,signal:0212-0828,80.0,118.178092199,259.056,1596.0,1159.0,2177.0,542.811,827.042,0.638,9454.28737589,65.3160921986,9454.28737589,2.906,0.344,0.829
slide1-C1-3__phase_analysis,signal:0219-0875,99.0,40.6290921986,181.761,1452.0,1124.0,1959.0,431.942,874.652,0.602,4022.29312766,20.3160921986,4022.29312766,2.673,0.374,0.776
slide1-C1-3__phase_analysis,signal:0220-0888,226.0,268.763092199,265.317,1572.0,1166.0,2243.0,460.474,889.843,0.431,60740.4368369,306.316092199,60740.4368369,2.416,0.414,0.67
slide1-C1-3__phase_analysis,signal:0221-0886,154.0,189.180092199,270.619,1260.0,1147.0,2278.0,727.582,884.194,0.368,29133.6781986,190.316092199,29133.6781986,2.606,0.384,0.593
slide1-C1-3__phase_analysis,signal:0223-0891,116.0,154.066092199,236.803,1393.0,1148.0,2061.0,824.963,892.789,0.523,17871.666695,173.316092199,17871.666695,3.024,0.331,0.748
slide1-C1-3__phase_analysis,signal:0224-0902,95.0,184.063092199,277.062,1893.0,1118.0,2291.0,638.567,901.627,0.639,17486.0287589,155.316092199,17486.0287589,2.903,0.344,0.876
slide1-C1-3__phase_analysis,signal:0225-0898,93.0,361.929092199,275.844,2024.0,1215.0,2368.0,709.415,898.714,0.619,33659.3965745,379.316092199,33659.3965745,3.115,0.321,0.869
slide1-C1-3__phase_analysis,signal:0227-0902,78.0,91.6750921986,257.933,1265.0,1088.0,2021.0,568.435,901.976,0.717,7150.65519149,76.3160921986,7150.65519149,2.395,0.418,0.857
slide1-C1-3__phase_analysis,signal:0228-0907,116.0,117.885092199,228.22,1571.0,1125.0,2067.0,611.404,908.127,0.474,13674.666695,114.316092199,13674.666695,3.547,0.282,0.734
slide1-C1-3__phase_analysis,signal:0230-0924,96.0,141.868092199,256.796,1376.0,1158.0,2115.0,785.188,924.152,0.575,13619.3448511,121.316092199,13619.3448511,3.238,0.309,0.835
slide1-C1-3__phase_analysis,signal:0231-0928,77.0,115.472092199,267.193,1275.0,1100.0,2059.0,692.988,928.384,0.648,8891.33909929,70.3160921986,8891.33909929,2.611,0.383,0.842
slide1-C1-3__phase_analysis,signal:0232-0934,95.0,196.558092199,238.034,1400.0,1168.0,2132.0,772.039,934.926,0.602,18673.0287589,242.316092199,18673.0287589,3.038,0.329,0.788
slide1-C1-3__phase_analysis,signal:0233-0933,86.0,41.7350921986,233.723,1288.0,1127.0,2052.0,861.56,933.614,0.724,3589.18392908,74.3160921986,3589.18392908,2.403,0.416,0.882
slide1-C1-3__phase_analysis,signal:0234-0952,245.0,171.120092199,307.95,1268.0,1107.0,2394.0,660.343,952.385,0.268,41924.4425887,128.316092199,41924.4425887,4.917,0.203,0.561
slide1-C1-3__phase_analysis,signal:0236-0944,116.0,113.256092199,212.187,1222.0,1092.0,2004.0,794.282,945.465,0.409,13137.666695,127.316092199,13137.666695,2.689,0.372,0.604
slide1-C1-3__phase_analysis,signal:0237-0947,115.0,27.0200921986,224.979,1201.0,1093.0,1984.0,988.2,948.139,0.622,3107.35060284,-4.68390780142,3107.35060284,2.966,0.337,0.855
slide1-C1-3__phase_analysis,signal:0239-0955,85.0,152.410092199,280.884,1888.0,1178.0,2261.0,938.161,954.731,0.686,12954.8678369,104.316092199,12954.8678369,2.508,0.399,0.872
slide1-C1-3__phase_analysis,signal:0241-0964,127.0,65.4890921986,197.009,1414.0,1139.0,2013.0,549.354,965.598,0.39,8317.14370922,68.3160921986,8317.14370922,2.955,0.338,0.606
slide1-C1-3__phase_analysis,signal:0242-0965,89.0,186.529092199,300.489,1244.0,1155.0,2207.0,709.711,965.096,0.727,16601.1322057,190.316092199,16601.1322057,2.22,0.45,0.86
slide1-C1-3__phase_analysis,signal:0244-0970,86.0,268.153092199,256.552,1677.0,1235.0,2204.0,796.897,970.87,0.609,23061.1839291,281.316092199,23061.1839291,3.04,0.329,0.864
slide1-C1-3__phase_analysis,signal:0246-0983,83.0,241.183092199,274.356,2000.0,1149.0,2224.0,541.811,983.666,0.617,20018.2356525,258.316092199,20018.2356525,3.036,0.329,0.802
